case;GagSite;sec1;sec10;sec11;sec12;sec13;sec14;sec15;sec2;sec3;sec4;sec5;sec6;sec7;sec8;sec9;posC.x;posCNum.x;negC.x;negCNum.x;posCMean.x;negCMean.x;MeanC.x;Cons.x;BD1.x;BD2.x;BD3.x;BD4.x;BD5.x;BD6.x;BD7.x;posC.y;posCNum.y;negC.y;negCNum.y;posCMean.y;negCMean.y;MeanC.y;Cons.y;BD1.y;BD2.y;BD3.y;BD4.y;BD5.y;BD6.y;BD7.y;negtoposC
PCs6;1;1;0;0;0;0;0;0;0;0;0;0;0;0;0;0;9.3038953156;271;-1.61352782;180;0.03433171703173432;-0.008964043444444444;0.017051812628824832;0.99842;FALSE;FALSE;TRUE;FALSE;FALSE;FALSE;FALSE;9.3038953156;271;-1.61352782;180;0.03433171703173432;-0.008964043444444444;0.017051812628824832;0.99842;FALSE;FALSE;TRUE;FALSE;FALSE;FALSE;FALSE;0.17342497580498034
PCs6;2;1;0;0;0;0;0;0;0;0;0;0;0;0;0;0;8.91497451;252;-2.024387923;199;0.03537688297619048;-0.010172803633165828;0.015278462498891353;0.99895;FALSE;FALSE;TRUE;FALSE;FALSE;FALSE;FALSE;8.91497451;252;-2.024387923;199;0.03537688297619048;-0.010172803633165828;0.015278462498891353;0.99895;FALSE;FALSE;TRUE;FALSE;FALSE;FALSE;FALSE;0.22707725307898832
PCs6;3;1;0;0;0;0;0;0;0;0;0;0;0;0;0;0;7.739197663;250;-1.85138466;201;0.030956790651999997;-0.00921086895522388;0.013055017745011086;0.99736;FALSE;FALSE;TRUE;FALSE;FALSE;FALSE;FALSE;7.739197663;250;-1.85138466;201;0.030956790651999997;-0.00921086895522388;0.013055017745011086;0.99736;FALSE;FALSE;TRUE;FALSE;FALSE;FALSE;FALSE;0.23922178249189913
PCs6;4;1;0;0;0;0;0;0;0;0;0;0;0;0;0;0;10.228276301;332;-1.276104266;119;0.030808061147590358;-0.0107235652605042;0.019849605399113082;0.9942;FALSE;FALSE;TRUE;FALSE;FALSE;FALSE;FALSE;10.228276301;332;-1.276104266;119;0.030808061147590358;-0.0107235652605042;0.019849605399113082;0.9942;FALSE;FALSE;TRUE;FALSE;FALSE;FALSE;FALSE;0.12476239675645423
PCs6;5;1;0;0;0;0;0;0;0;0;0;0;0;0;0;0;9.821732721;323;-1.257140736;128;0.03040784124148607;-0.009821412;0.0189902261308204;0.9942;FALSE;FALSE;TRUE;FALSE;FALSE;FALSE;FALSE;9.821732721;323;-1.257140736;128;0.03040784124148607;-0.009821412;0.0189902261308204;0.9942;FALSE;FALSE;TRUE;FALSE;FALSE;FALSE;FALSE;0.12799582026011436
PCs6;6;1;0;0;0;0;0;0;0;0;0;0;0;0;0;0;9.913260937;308;-1.2656706;143;0.03218591213311688;-0.008850843356643356;0.01917425795343681;0.99789;FALSE;FALSE;TRUE;FALSE;FALSE;FALSE;FALSE;9.913260937;308;-1.2656706;143;0.03218591213311688;-0.008850843356643356;0.01917425795343681;0.99789;FALSE;FALSE;TRUE;FALSE;FALSE;FALSE;FALSE;0.12767449662058664
PCs6;8;1;0;0;0;0;0;0;0;0;0;0;0;0;0;0;4.440713535;276;-1.00121471;175;0.01608954179347826;-0.005721226914285714;0.007626383203991131;0.97364;FALSE;FALSE;TRUE;FALSE;FALSE;FALSE;FALSE;4.440713535;276;-1.00121471;175;0.01608954179347826;-0.005721226914285714;0.007626383203991131;0.97364;FALSE;FALSE;TRUE;FALSE;FALSE;FALSE;FALSE;0.22546257535164332
PCs6;9;1;0;0;0;0;0;0;0;0;0;0;0;0;0;0;6.76511991;345;-0.586693317;106;0.019609043217391306;-0.005534842613207548;0.013699393776053215;0.97944;FALSE;FALSE;TRUE;FALSE;FALSE;FALSE;FALSE;6.76511991;345;-0.586693317;106;0.019609043217391306;-0.005534842613207548;0.013699393776053215;0.97944;FALSE;FALSE;TRUE;FALSE;FALSE;FALSE;FALSE;0.08672326947712594
PCs6;12;0;0;0;0;0;0;0;0;0;0;0;1;0;0;0;6.64232177;264;-2.080994302;187;0.025160309734848483;-0.01112831177540107;0.010113808133037694;0.56458;FALSE;FALSE;TRUE;FALSE;FALSE;FALSE;FALSE;6.64232177;264;-2.080994302;187;0.025160309734848483;-0.01112831177540107;0.010113808133037694;0.56458;FALSE;FALSE;TRUE;FALSE;FALSE;FALSE;FALSE;0.31329320891962753
PCs6;13;1;0;0;0;0;0;0;0;1;0;0;0;0;0;0;10.76864813;256;-1.750558384;195;0.0420650317578125;-0.008977222482051283;0.01999576440354767;0.99842;FALSE;FALSE;TRUE;FALSE;FALSE;FALSE;FALSE;10.76864813;256;-1.750558384;195;0.0420650317578125;-0.008977222482051283;0.01999576440354767;0.99842;FALSE;FALSE;TRUE;FALSE;FALSE;FALSE;FALSE;0.16256064483369836
PCs6;14;1;0;0;0;0;0;0;0;0;0;0;0;0;0;0;7.8385812580000005;280;-1.781768469;171;0.027994933064285715;-0.010419698649122807;0.01342974010864745;0.99051;FALSE;FALSE;TRUE;FALSE;FALSE;FALSE;FALSE;7.8385812580000005;280;-1.781768469;171;0.027994933064285715;-0.010419698649122807;0.01342974010864745;0.99051;FALSE;FALSE;TRUE;FALSE;FALSE;FALSE;FALSE;0.2273075203732231
PCs6;15;0;0;0;0;0;0;0;0;0;0;0;1;0;0;0;7.315350902;328;-1.098437809;123;0.022302899091463414;-0.00893038869105691;0.013784729696230598;0.63574;FALSE;FALSE;TRUE;FALSE;FALSE;FALSE;FALSE;7.315350902;328;-1.098437809;123;0.022302899091463414;-0.00893038869105691;0.013784729696230598;0.63574;FALSE;FALSE;TRUE;FALSE;FALSE;FALSE;FALSE;0.15015517693070468
PCs6;16;1;0;0;0;0;0;0;0;0;0;0;0;0;0;0;6.560641453;295;-1.038570648;156;0.02223946255254237;-0.006657504153846154;0.0122440594345898;0.98313;FALSE;FALSE;TRUE;FALSE;FALSE;FALSE;FALSE;6.560641453;295;-1.038570648;156;0.02223946255254237;-0.006657504153846154;0.0122440594345898;0.98313;FALSE;FALSE;TRUE;FALSE;FALSE;FALSE;FALSE;0.1583032170619674
PCs6;18;0;0;0;0;0;0;0;0;0;0;0;1;0;0;0;4.945804907;321;-0.77125688831;130;0.01540749192211838;-0.0059327452946923084;0.009256204032572062;0.8661;FALSE;FALSE;TRUE;FALSE;FALSE;FALSE;FALSE;4.945804907;321;-0.77125688831;130;0.01540749192211838;-0.0059327452946923084;0.009256204032572062;0.8661;FALSE;FALSE;TRUE;FALSE;FALSE;FALSE;FALSE;0.15594163191079546
PCs6;19;1;0;0;0;0;0;0;0;0;0;0;0;0;0;0;6.1295643006;276;-0.954831284;175;0.02220856630652174;-0.005456178765714285;0.011473909127716186;0.9942;FALSE;TRUE;TRUE;FALSE;FALSE;FALSE;FALSE;6.1295643006;276;-0.954831284;175;0.02220856630652174;-0.005456178765714285;0.011473909127716186;0.9942;FALSE;TRUE;TRUE;FALSE;FALSE;FALSE;FALSE;0.15577473979782464
PCs6;20;1;0;0;0;0;0;0;0;0;0;0;0;0;0;0;7.01908;286;-1.173375331;165;0.02454223776223776;-0.007111365642424242;0.012961651150776052;0.97944;FALSE;TRUE;TRUE;FALSE;FALSE;FALSE;FALSE;7.01908;286;-1.173375331;165;0.02454223776223776;-0.007111365642424242;0.012961651150776052;0.97944;FALSE;TRUE;TRUE;FALSE;FALSE;FALSE;FALSE;0.1671693912877471
PCs6;21;1;0;0;0;0;0;0;0;0;0;0;0;0;0;0;7.58292919;262;-1.32778172;189;0.02894247782442748;-0.007025300105820105;0.013869506585365853;0.99736;FALSE;TRUE;TRUE;FALSE;FALSE;FALSE;FALSE;7.58292919;262;-1.32778172;189;0.02894247782442748;-0.007025300105820105;0.013869506585365853;0.99736;FALSE;TRUE;TRUE;FALSE;FALSE;FALSE;FALSE;0.17510142673506884
PCs6;23;1;0;0;0;0;0;0;0;0;0;0;0;0;0;0;6.627658796;239;-1.75724354;212;0.027730789941422595;-0.00828888462264151;0.01079914690909091;0.98998;FALSE;TRUE;TRUE;FALSE;FALSE;FALSE;FALSE;6.627658796;239;-1.75724354;212;0.027730789941422595;-0.00828888462264151;0.01079914690909091;0.98998;FALSE;TRUE;TRUE;FALSE;FALSE;FALSE;FALSE;0.26513790074114124
PCs6;24;0;0;0;0;0;0;0;0;0;0;0;1;0;0;0;4.5761572683;275;-1.2593205246;176;0.016640571884727274;-0.007155230253409092;0.007354405196674058;0.98366;FALSE;TRUE;TRUE;FALSE;FALSE;FALSE;FALSE;4.5761572683;275;-1.2593205246;176;0.016640571884727274;-0.007155230253409092;0.007354405196674058;0.98366;FALSE;TRUE;TRUE;FALSE;FALSE;FALSE;FALSE;0.27519170578414714
PCs6;27;1;0;0;0;0;0;0;0;0;0;0;0;0;0;0;7.0042513;237;-1.812590516;214;0.0295538029535865;-0.008470049140186916;0.011511442980044346;0.99789;FALSE;TRUE;TRUE;FALSE;FALSE;FALSE;FALSE;7.0042513;237;-1.812590516;214;0.0295538029535865;-0.008470049140186916;0.011511442980044346;0.99789;FALSE;TRUE;TRUE;FALSE;FALSE;FALSE;FALSE;0.25878433516513033
PCs6;28;0;0;0;0;0;0;0;0;0;0;0;1;0;0;0;3.182775059;197;-4.744265314;254;0.01615621857360406;-0.018678209897637795;-0.003462284379157428;0.71165;FALSE;FALSE;TRUE;FALSE;FALSE;FALSE;FALSE;3.182775059;197;-4.744265314;254;0.01615621857360406;-0.018678209897637795;-0.003462284379157428;0.71165;FALSE;FALSE;TRUE;FALSE;FALSE;FALSE;FALSE;1.490606538650773
PCs6;30;0;0;0;0;0;0;0;0;0;0;0;1;0;0;0;2.892414753;174;-4.428674633;277;0.01662307329310345;-0.01598799506498195;-0.003406341197339246;0.47654;FALSE;FALSE;TRUE;FALSE;FALSE;FALSE;FALSE;2.892414753;174;-4.428674633;277;0.01662307329310345;-0.01598799506498195;-0.003406341197339246;0.47654;FALSE;FALSE;TRUE;FALSE;FALSE;FALSE;FALSE;1.531134021635935
PCs6;31;1;0;0;0;0;0;0;0;0;0;0;0;0;0;0;7.152124735;284;-1.104623379;167;0.025183537799295774;-0.0066145112514970055;0.013409093915742794;0.99526;FALSE;FALSE;TRUE;FALSE;FALSE;FALSE;FALSE;7.152124735;284;-1.104623379;167;0.025183537799295774;-0.0066145112514970055;0.013409093915742794;0.99526;FALSE;FALSE;TRUE;FALSE;FALSE;FALSE;FALSE;0.15444688395804382
PCs6;34;0;0;0;0;0;0;0;0;0;0;0;1;0;0;0;5.58190469;223;-3.072694426;228;0.02503096273542601;-0.013476729938596492;0.005563659121951219;0.72377;FALSE;FALSE;FALSE;FALSE;FALSE;FALSE;FALSE;5.58190469;223;-3.072694426;228;0.02503096273542601;-0.013476729938596492;0.005563659121951219;0.72377;FALSE;FALSE;FALSE;FALSE;FALSE;FALSE;FALSE;0.5504741833920492
PCs6;35;1;0;0;0;0;0;0;0;0;0;0;0;0;0;0;5.296597218;309;-0.602413865;142;0.01714109132038835;-0.004242351161971831;0.010408388809312639;0.97628;FALSE;FALSE;FALSE;FALSE;FALSE;FALSE;FALSE;5.296597218;309;-0.602413865;142;0.01714109132038835;-0.004242351161971831;0.010408388809312639;0.97628;FALSE;FALSE;FALSE;FALSE;FALSE;FALSE;FALSE;0.11373601582403733
PCs6;36;1;0;0;0;0;0;0;0;0;0;0;0;0;0;0;8.46289097;259;-1.51801378795;192;0.03267525471042471;-0.007906321812239584;0.01539884075842572;0.99736;TRUE;FALSE;FALSE;FALSE;FALSE;FALSE;FALSE;8.46289097;259;-1.51801378795;192;0.03267525471042471;-0.007906321812239584;0.01539884075842572;0.99736;TRUE;FALSE;FALSE;FALSE;FALSE;FALSE;FALSE;0.17937295816892698
PCs6;38;1;0;0;0;0;0;0;0;0;0;0;0;0;0;0;5.474119363;229;-1.63831532816;222;0.023904451366812227;-0.007379798775495496;0.008505108724700665;0.99051;TRUE;FALSE;FALSE;FALSE;FALSE;FALSE;FALSE;5.474119363;229;-1.63831532816;222;0.023904451366812227;-0.007379798775495496;0.008505108724700665;0.99051;TRUE;FALSE;FALSE;FALSE;FALSE;FALSE;FALSE;0.2992838152623235
PCs6;39;1;0;0;0;0;0;0;0;0;0;1;0;0;0;0;7.144901123;297;-1.001601289;154;0.02405690613804714;-0.0065039044740259734;0.013621507392461197;0.98946;TRUE;FALSE;FALSE;FALSE;FALSE;FALSE;FALSE;7.144901123;297;-1.001601289;154;0.02405690613804714;-0.0065039044740259734;0.013621507392461197;0.98946;TRUE;FALSE;FALSE;FALSE;FALSE;FALSE;FALSE;0.1401840657774488
PCs6;40;1;0;0;0;0;0;0;0;0;0;0;0;0;0;0;7.757473507;277;-1.3488968;174;0.028005319519855597;-0.007752280459770115;0.014209704450110865;0.99631;TRUE;FALSE;FALSE;FALSE;FALSE;FALSE;FALSE;7.757473507;277;-1.3488968;174;0.028005319519855597;-0.007752280459770115;0.014209704450110865;0.99631;TRUE;FALSE;FALSE;FALSE;FALSE;FALSE;FALSE;0.17388352003816904
PCs6;43;0;0;0;0;0;0;0;0;0;1;0;0;0;0;0;3.99807766;253;-1.007703834;198;0.015802678498023717;-0.005089413303030303;0.006630540634146341;0.9884;TRUE;FALSE;FALSE;FALSE;FALSE;FALSE;FALSE;3.99807766;253;-1.007703834;198;0.015802678498023717;-0.005089413303030303;0.006630540634146341;0.9884;TRUE;FALSE;FALSE;FALSE;FALSE;FALSE;FALSE;0.2520470885500508
PCs6;46;0;0;0;0;0;0;0;0;0;0;0;1;0;0;0;5.6144859;263;-1.726021479;188;0.021347855133079848;-0.009180965313829786;0.00862187233037694;0.82499;FALSE;FALSE;FALSE;FALSE;FALSE;FALSE;FALSE;5.6144859;263;-1.726021479;188;0.021347855133079848;-0.009180965313829786;0.00862187233037694;0.82499;FALSE;FALSE;FALSE;FALSE;FALSE;FALSE;FALSE;0.3074228896006311
PCs6;53;0;0;0;0;0;0;0;1;0;0;0;0;0;0;0;3.661284448;271;-0.668763365;180;0.013510274715867158;-0.003715352027777778;0.006635301736141907;0.97153;FALSE;FALSE;FALSE;FALSE;FALSE;FALSE;FALSE;3.661284448;271;-0.668763365;180;0.013510274715867158;-0.003715352027777778;0.006635301736141907;0.97153;FALSE;FALSE;FALSE;FALSE;FALSE;FALSE;FALSE;0.1826581284514281
PCs6;54;0;0;0;0;0;0;0;0;0;0;0;1;0;0;0;6.445469551;262;-2.148206619;189;0.024601028820610688;-0.011366172587301588;0.009528299184035477;0.68529;FALSE;FALSE;FALSE;FALSE;FALSE;FALSE;FALSE;6.445469551;262;-2.148206619;189;0.024601028820610688;-0.011366172587301588;0.009528299184035477;0.68529;FALSE;FALSE;FALSE;FALSE;FALSE;FALSE;FALSE;0.3332893906335669
PCs6;73;0;0;0;0;0;0;0;0;1;0;0;0;0;0;0;5.248330852;248;-1.9205430504;203;0.021162624403225805;-0.009460803203940887;0.0073786869215077605;0.9942;FALSE;FALSE;FALSE;FALSE;FALSE;FALSE;FALSE;5.248330852;248;-1.9205430504;203;0.021162624403225805;-0.009460803203940887;0.0073786869215077605;0.9942;FALSE;FALSE;FALSE;FALSE;FALSE;FALSE;FALSE;0.3659340663838165
PCs6;79;0;0;0;0;0;0;0;0;0;0;0;1;0;0;0;3.849315444;210;-2.411368451;241;0.018330073542857143;-0.010005678219917012;0.003188352534368071;0.60517;TRUE;FALSE;FALSE;FALSE;FALSE;FALSE;FALSE;3.849315444;210;-2.411368451;241;0.018330073542857143;-0.010005678219917012;0.003188352534368071;0.60517;TRUE;FALSE;FALSE;FALSE;FALSE;FALSE;FALSE;0.6264408532064175
PCs6;81;0;0;0;0;0;0;0;0;0;0;0;1;0;0;0;6.291119996;238;-2.70530532;213;0.02643327729411765;-0.01270096394366197;0.007950808594235033;0.83131;TRUE;FALSE;FALSE;FALSE;FALSE;FALSE;FALSE;6.291119996;238;-2.70530532;213;0.02643327729411765;-0.01270096394366197;0.007950808594235033;0.83131;TRUE;FALSE;FALSE;FALSE;FALSE;FALSE;FALSE;0.43001966608808584
PCs6;103;0;0;0;0;0;0;0;0;0;0;0;1;0;0;0;3.973248741;225;-2.12832322;226;0.017658883293333334;-0.009417359380530973;0.004090743949002217;0.89721;FALSE;FALSE;FALSE;FALSE;FALSE;FALSE;FALSE;3.973248741;225;-2.12832322;226;0.017658883293333334;-0.009417359380530973;0.004090743949002217;0.89721;FALSE;FALSE;FALSE;FALSE;FALSE;FALSE;FALSE;0.5356632213930651
PCs6;106;0;0;0;0;0;0;0;0;0;0;0;1;0;0;0;4.193373125;256;-1.241772238;195;0.01638036376953125;-0.006368062758974359;0.006544569594235033;0.99315;FALSE;FALSE;FALSE;FALSE;FALSE;FALSE;FALSE;4.193373125;256;-1.241772238;195;0.01638036376953125;-0.006368062758974359;0.006544569594235033;0.99315;FALSE;FALSE;FALSE;FALSE;FALSE;FALSE;FALSE;0.29612729442005
PCs6;110;0;0;0;0;0;0;0;0;0;0;0;1;0;0;0;5.4679271;289;-1.377928528;162;0.018920162975778546;-0.008505731654320987;0.009068732975609756;0.93358;FALSE;FALSE;FALSE;FALSE;FALSE;FALSE;FALSE;5.4679271;289;-1.377928528;162;0.018920162975778546;-0.008505731654320987;0.009068732975609756;0.93358;FALSE;FALSE;FALSE;FALSE;FALSE;FALSE;FALSE;0.25200199322335515
PCs6;137;0;0;0;0;0;0;0;0;1;0;0;0;0;0;0;6.452056709;246;-2.28194171;205;0.02622787280081301;-0.011131422975609756;0.009246374720620842;0.99631;FALSE;FALSE;FALSE;FALSE;FALSE;FALSE;FALSE;6.452056709;246;-2.28194171;205;0.02622787280081301;-0.011131422975609756;0.009246374720620842;0.99631;FALSE;FALSE;FALSE;FALSE;FALSE;FALSE;FALSE;0.3536766356713682
PCs6;144;0;0;0;0;0;0;0;0;1;0;1;0;0;0;0;3.43586538;197;-4.598488064;254;0.017440941015228428;-0.01810428371653543;-0.0025778773481152993;0.98998;FALSE;FALSE;FALSE;FALSE;FALSE;FALSE;FALSE;3.43586538;197;-4.598488064;254;0.017440941015228428;-0.01810428371653543;-0.0025778773481152993;0.98998;FALSE;FALSE;FALSE;FALSE;FALSE;FALSE;FALSE;1.3383784157457297
PCs6;146;0;0;0;0;0;0;0;0;0;0;0;1;0;0;0;5.5144768507;234;-2.974428947;217;0.02356614038760684;-0.013707045838709677;0.005632035263192905;0.64997;FALSE;TRUE;FALSE;FALSE;FALSE;FALSE;FALSE;5.5144768507;234;-2.974428947;217;0.02356614038760684;-0.013707045838709677;0.005632035263192905;0.64997;FALSE;TRUE;FALSE;FALSE;FALSE;FALSE;FALSE;0.5393855169819834
PCs6;155;1;0;0;0;0;0;0;0;0;0;0;0;0;0;0;8.838905456;252;-2.012238119;199;0.03507502165079365;-0.010111749341708543;0.015136734671840355;0.99895;FALSE;TRUE;FALSE;FALSE;FALSE;FALSE;FALSE;8.838905456;252;-2.012238119;199;0.03507502165079365;-0.010111749341708543;0.015136734671840355;0.99895;FALSE;TRUE;FALSE;FALSE;FALSE;FALSE;FALSE;0.2276569343361466
PCs6;159;0;0;0;0;0;0;0;0;0;0;0;1;0;0;0;8.805288207;294;-1.95960978;157;0.029949959887755104;-0.012481590955414013;0.01517888786474501;0.7185;FALSE;FALSE;FALSE;FALSE;FALSE;FALSE;FALSE;8.805288207;294;-1.95960978;157;0.029949959887755104;-0.012481590955414013;0.01517888786474501;0.7185;FALSE;FALSE;FALSE;FALSE;FALSE;FALSE;FALSE;0.22254919247755633
PCs6;160;1;0;0;0;0;0;0;0;0;0;0;0;0;0;0;8.262924283;300;-1.167530088;151;0.027543080943333333;-0.007731987337748344;0.015732581363636363;0.99631;FALSE;FALSE;FALSE;FALSE;FALSE;FALSE;FALSE;8.262924283;300;-1.167530088;151;0.027543080943333333;-0.007731987337748344;0.015732581363636363;0.99631;FALSE;FALSE;FALSE;FALSE;FALSE;FALSE;FALSE;0.1412974448285889
PCs6;161;0;0;0;0;0;0;0;1;0;0;0;0;0;0;0;6.050857145;290;-0.8858010629999999;161;0.020865024637931034;-0.005501869956521739;0.011452452509977827;0.99526;FALSE;FALSE;FALSE;FALSE;FALSE;FALSE;FALSE;6.050857145;290;-0.8858010629999999;161;0.020865024637931034;-0.005501869956521739;0.011452452509977827;0.99526;FALSE;FALSE;FALSE;FALSE;FALSE;FALSE;FALSE;0.14639265839087992
PCs6;163;0;0;0;0;0;0;0;1;1;0;0;0;0;0;0;8.162818654;307;-1.347135171;144;0.02658898584364821;-0.009355105354166665;0.015112380228381374;0.97997;FALSE;TRUE;FALSE;FALSE;FALSE;FALSE;FALSE;8.162818654;307;-1.347135171;144;0.02658898584364821;-0.009355105354166665;0.015112380228381374;0.97997;FALSE;TRUE;FALSE;FALSE;FALSE;FALSE;FALSE;0.1650330882139428
PCs6;164;0;0;0;0;0;0;0;1;0;0;0;0;0;0;0;6.1410627563;184;-1.7767226025;267;0.03337534106684783;-0.006654391769662921;0.009677029165853659;0.99895;FALSE;TRUE;FALSE;FALSE;FALSE;FALSE;FALSE;6.1410627563;184;-1.7767226025;267;0.03337534106684783;-0.006654391769662921;0.009677029165853659;0.99895;FALSE;TRUE;FALSE;FALSE;FALSE;FALSE;FALSE;0.2893184246777635
PCs6;167;0;0;0;0;0;0;0;0;1;0;0;0;0;0;0;8.95912313;295;-1.72871828;156;0.030369908915254238;-0.011081527435897437;0.01603193980044346;0.99578;FALSE;TRUE;FALSE;FALSE;TRUE;FALSE;FALSE;8.95912313;295;-1.72871828;156;0.030369908915254238;-0.011081527435897437;0.01603193980044346;0.99578;FALSE;TRUE;FALSE;FALSE;TRUE;FALSE;FALSE;0.1929561916847994
PCs6;168;0;0;0;0;0;0;0;0;0;0;0;1;0;0;0;4.743130874;257;-1.334828162;194;0.018455762155642024;-0.006880557536082474;0.00755721222172949;0.97733;FALSE;TRUE;FALSE;FALSE;FALSE;FALSE;FALSE;4.743130874;257;-1.334828162;194;0.018455762155642024;-0.006880557536082474;0.00755721222172949;0.97733;FALSE;TRUE;FALSE;FALSE;FALSE;FALSE;FALSE;0.2814234305270827
PCs6;169;0;0;0;0;0;0;0;0;1;0;0;0;0;0;0;6.279341638;212;-2.029350226;239;0.029619536028301887;-0.008491005129707112;0.009423484283813748;0.99578;FALSE;TRUE;FALSE;FALSE;FALSE;FALSE;FALSE;6.279341638;212;-2.029350226;239;0.029619536028301887;-0.008491005129707112;0.009423484283813748;0.99578;FALSE;TRUE;FALSE;FALSE;FALSE;FALSE;FALSE;0.32317882080490806
PCs6;170;0;0;0;0;0;0;0;0;1;0;0;0;0;0;0;7.328667483;209;-2.45011027;242;0.035065394655502395;-0.010124422603305787;0.010817200028824834;0.99842;FALSE;TRUE;FALSE;FALSE;TRUE;FALSE;FALSE;7.328667483;209;-2.45011027;242;0.035065394655502395;-0.010124422603305787;0.010817200028824834;0.99842;FALSE;TRUE;FALSE;FALSE;TRUE;FALSE;FALSE;0.3343186569295738
PCs6;171;0;0;0;0;0;0;0;0;1;0;0;0;0;0;0;6.9222267387;265;-1.8476323798;186;0.02612161033471698;-0.00993350741827957;0.011251872192682926;0.99842;FALSE;TRUE;FALSE;FALSE;TRUE;FALSE;FALSE;6.9222267387;265;-1.8476323798;186;0.02612161033471698;-0.00993350741827957;0.011251872192682926;0.99842;FALSE;TRUE;FALSE;FALSE;TRUE;FALSE;FALSE;0.2669130107325821
PCs6;172;0;0;0;0;0;0;0;0;1;0;0;0;0;0;0;7.794046611;205;-2.797415051;246;0.03801973956585366;-0.011371605898373984;0.011079005676274945;0.99895;FALSE;TRUE;FALSE;FALSE;FALSE;FALSE;FALSE;7.794046611;205;-2.797415051;246;0.03801973956585366;-0.011371605898373984;0.011079005676274945;0.99895;FALSE;TRUE;FALSE;FALSE;FALSE;FALSE;FALSE;0.3589169003752062
PCs6;173;0;0;0;0;0;0;0;0;0;0;0;1;0;0;0;8.92630082;312;-1.7676965301;139;0.028609938525641025;-0.012717241223741007;0.015872736784700664;0.71481;FALSE;FALSE;FALSE;FALSE;FALSE;FALSE;FALSE;8.92630082;312;-1.7676965301;139;0.028609938525641025;-0.012717241223741007;0.015872736784700664;0.71481;FALSE;FALSE;FALSE;FALSE;FALSE;FALSE;FALSE;0.19803237261950132
PCs6;174;0;0;0;0;0;0;0;0;1;0;0;0;0;0;0;7.5750419;201;-2.478521893;250;0.03768677562189055;-0.009914087572;0.011300487820399113;0.99895;FALSE;FALSE;FALSE;FALSE;TRUE;FALSE;FALSE;7.5750419;201;-2.478521893;250;0.03768677562189055;-0.009914087572;0.011300487820399113;0.99895;FALSE;FALSE;FALSE;FALSE;TRUE;FALSE;FALSE;0.3271957998014506
PCs6;175;0;0;0;0;0;0;0;0;1;0;0;0;0;0;0;8.9976823892;216;-1.8597350195;235;0.04165593698703703;-0.007913766040425532;0.015826934300886917;0.99736;FALSE;FALSE;FALSE;FALSE;TRUE;FALSE;FALSE;8.9976823892;216;-1.8597350195;235;0.04165593698703703;-0.007913766040425532;0.015826934300886917;0.99736;FALSE;FALSE;FALSE;FALSE;TRUE;FALSE;FALSE;0.206690449724282
PCs6;177;0;0;0;0;0;0;0;0;1;0;0;0;0;0;0;9.9347514707;327;-1.400194379;124;0.03038150296850153;-0.011291890153225806;0.018923629915077605;0.99367;FALSE;FALSE;FALSE;FALSE;FALSE;FALSE;FALSE;9.9347514707;327;-1.400194379;124;0.03038150296850153;-0.011291890153225806;0.018923629915077605;0.99367;FALSE;FALSE;FALSE;FALSE;FALSE;FALSE;FALSE;0.14093904443704647
PCs6;179;0;0;0;0;0;0;0;0;1;0;0;0;0;0;0;9.084740462;273;-1.67154362;178;0.03327743758974359;-0.009390694494382023;0.01643724355210643;0.99631;FALSE;FALSE;FALSE;FALSE;FALSE;FALSE;FALSE;9.084740462;273;-1.67154362;178;0.03327743758974359;-0.009390694494382023;0.01643724355210643;0.99631;FALSE;FALSE;FALSE;FALSE;FALSE;FALSE;FALSE;0.1839946476172651
PCs6;180;0;0;0;0;0;0;0;0;1;0;0;0;0;0;0;5.7333630382;268;-1.6381142271;183;0.021393145664925374;-0.008951443863934426;0.009080374303991131;0.99842;FALSE;TRUE;FALSE;FALSE;FALSE;FALSE;FALSE;5.7333630382;268;-1.6381142271;183;0.021393145664925374;-0.008951443863934426;0.009080374303991131;0.99842;FALSE;TRUE;FALSE;FALSE;FALSE;FALSE;FALSE;0.28571611743153963
PCs6;181;0;0;0;0;0;0;0;0;1;0;0;0;0;0;0;6.882088733;243;-2.705532161;208;0.02832135281069959;-0.013007366158653845;0.009260657587583149;0.99947;FALSE;TRUE;FALSE;FALSE;FALSE;FALSE;FALSE;6.882088733;243;-2.705532161;208;0.02832135281069959;-0.013007366158653845;0.009260657587583149;0.99947;FALSE;TRUE;FALSE;FALSE;FALSE;FALSE;FALSE;0.39312660239715047
PCs6;183;0;0;0;0;0;0;0;0;1;0;0;0;0;0;0;6.697060009;261;-1.41738259;190;0.025659233750957855;-0.0074599083684210536;0.011706601815964524;0.99789;FALSE;TRUE;FALSE;FALSE;FALSE;FALSE;FALSE;6.697060009;261;-1.41738259;190;0.025659233750957855;-0.0074599083684210536;0.011706601815964524;0.99789;FALSE;TRUE;FALSE;FALSE;FALSE;FALSE;FALSE;0.21164251001114182
PCs6;185;0;0;0;0;0;0;0;0;1;0;0;0;0;0;0;9.490128563999999;251;-3.020281524;200;0.03780927714741036;-0.01510140762;0.014345558847006652;0.99895;FALSE;TRUE;FALSE;FALSE;FALSE;FALSE;FALSE;9.490128563999999;251;-3.020281524;200;0.03780927714741036;-0.01510140762;0.014345558847006652;0.99895;FALSE;TRUE;FALSE;FALSE;FALSE;FALSE;FALSE;0.3182550693208923
PCs6;186;0;0;0;0;0;0;0;0;1;0;0;0;0;0;0;7.655215582;260;-2.836296698;191;0.029443136853846155;-0.014849720931937172;0.010684964266075387;0.97733;FALSE;TRUE;FALSE;FALSE;TRUE;FALSE;FALSE;7.655215582;260;-2.836296698;191;0.029443136853846155;-0.014849720931937172;0.010684964266075387;0.97733;FALSE;TRUE;FALSE;FALSE;TRUE;FALSE;FALSE;0.3705051370034689
PCs6;187;0;0;0;0;0;0;0;0;1;0;1;0;0;0;0;6.9432410848;231;-1.677811666;220;0.030057320713419915;-0.007626416663636363;0.011675009797782705;0.99736;FALSE;TRUE;FALSE;FALSE;FALSE;FALSE;FALSE;6.9432410848;231;-1.677811666;220;0.030057320713419915;-0.007626416663636363;0.011675009797782705;0.99736;FALSE;TRUE;FALSE;FALSE;FALSE;FALSE;FALSE;0.24164675336897498
PCs6;188;0;0;0;0;0;0;0;0;1;0;1;0;0;0;0;9.092634898;305;-1.2356732904;146;0.029811917698360654;-0.008463515687671234;0.0174212009037694;0.99736;FALSE;TRUE;FALSE;FALSE;FALSE;FALSE;FALSE;9.092634898;305;-1.2356732904;146;0.029811917698360654;-0.008463515687671234;0.0174212009037694;0.99736;FALSE;TRUE;FALSE;FALSE;FALSE;FALSE;FALSE;0.13589826318351314
PCs6;189;0;0;0;0;0;0;0;0;1;0;1;0;0;0;0;8.179505741;230;-1.7451129380000001;221;0.03556306843913044;-0.007896438633484163;0.0142669463481153;0.99789;FALSE;FALSE;FALSE;FALSE;TRUE;FALSE;FALSE;8.179505741;230;-1.7451129380000001;221;0.03556306843913044;-0.007896438633484163;0.0142669463481153;0.99789;FALSE;FALSE;FALSE;FALSE;TRUE;FALSE;FALSE;0.2133518813065407
PCs6;191;0;0;0;0;0;0;0;0;1;0;0;0;0;0;0;5.9187204612;305;-1.195322486;146;0.019405640856393444;-0.008187140315068493;0.010473166242128603;0.9884;FALSE;FALSE;FALSE;FALSE;FALSE;FALSE;FALSE;5.9187204612;305;-1.195322486;146;0.019405640856393444;-0.008187140315068493;0.010473166242128603;0.9884;FALSE;FALSE;FALSE;FALSE;FALSE;FALSE;FALSE;0.20195623257356074
PCs6;195;0;0;0;0;0;0;0;0;1;0;0;0;0;0;0;9.3465746963;312;-1.5213982775;139;0.029956970180448714;-0.010945311348920862;0.017350723766740576;0.99789;FALSE;FALSE;FALSE;FALSE;TRUE;FALSE;FALSE;9.3465746963;312;-1.5213982775;139;0.029956970180448714;-0.010945311348920862;0.017350723766740576;0.99789;FALSE;FALSE;FALSE;FALSE;TRUE;FALSE;FALSE;0.16277602511455574
PCs6;208;0;0;0;0;0;0;0;0;1;0;0;0;0;0;0;7.95281434;259;-2.186447008;192;0.030705846872586873;-0.011387744833333333;0.01278573687804878;0.99842;FALSE;TRUE;FALSE;FALSE;FALSE;FALSE;FALSE;7.95281434;259;-2.186447008;192;0.030705846872586873;-0.011387744833333333;0.01278573687804878;0.99842;FALSE;TRUE;FALSE;FALSE;FALSE;FALSE;FALSE;0.2749274551780873
PCs6;209;0;0;0;0;0;0;0;0;1;0;0;0;0;0;0;7.708467781;306;-1.130683709;145;0.025191071179738563;-0.00779781868275862;0.014584887077605321;0.99842;FALSE;TRUE;FALSE;FALSE;FALSE;FALSE;FALSE;7.708467781;306;-1.130683709;145;0.025191071179738563;-0.00779781868275862;0.014584887077605321;0.99842;FALSE;TRUE;FALSE;FALSE;FALSE;FALSE;FALSE;0.14668073359363762
PCs6;211;0;0;0;0;0;0;0;0;0;0;0;1;0;0;0;5.393550259;288;-1.691687204;163;0.018727605065972222;-0.010378449104294479;0.008208122073170732;0.9378;FALSE;TRUE;FALSE;FALSE;FALSE;FALSE;FALSE;5.393550259;288;-1.691687204;163;0.018727605065972222;-0.010378449104294479;0.008208122073170732;0.9378;FALSE;TRUE;FALSE;FALSE;FALSE;FALSE;FALSE;0.3136500306411625
PCs6;214;0;0;0;0;0;0;0;0;1;0;0;0;0;0;0;7.601554268;255;-2.2277250983;196;0.0298100167372549;-0.011365944379081633;0.01191536401263858;0.99789;FALSE;FALSE;FALSE;FALSE;FALSE;FALSE;FALSE;7.601554268;255;-2.2277250983;196;0.0298100167372549;-0.011365944379081633;0.01191536401263858;0.99789;FALSE;FALSE;FALSE;FALSE;FALSE;FALSE;FALSE;0.2930617897024004
PCs6;218;0;0;0;0;0;0;0;0;0;0;0;1;0;0;0;8.6791323;264;-2.733390265;187;0.03287550113636363;-0.014617060240641713;0.013183463492239467;0.86189;FALSE;FALSE;FALSE;FALSE;FALSE;FALSE;FALSE;8.6791323;264;-2.733390265;187;0.03287550113636363;-0.014617060240641713;0.013183463492239467;0.86189;FALSE;FALSE;FALSE;FALSE;FALSE;FALSE;FALSE;0.31493819549219226
PCs6;219;0;0;0;0;0;0;0;0;0;0;0;1;0;0;0;8.5338912072;251;-3.060978898;200;0.0339995665625498;-0.01530489449;0.012135060552549889;0.70691;FALSE;FALSE;FALSE;FALSE;FALSE;FALSE;FALSE;8.5338912072;251;-3.060978898;200;0.0339995665625498;-0.01530489449;0.012135060552549889;0.70691;FALSE;FALSE;FALSE;FALSE;FALSE;FALSE;FALSE;0.358685015273861
PCs6;222;0;0;0;0;0;0;0;0;1;0;0;0;0;0;0;9.217931401;312;-1.31060179;139;0.02954465192628205;-0.009428789856115108;0.017532881620842572;0.99736;FALSE;FALSE;FALSE;FALSE;FALSE;FALSE;FALSE;9.217931401;312;-1.31060179;139;0.02954465192628205;-0.009428789856115108;0.017532881620842572;0.99736;FALSE;FALSE;FALSE;FALSE;FALSE;FALSE;FALSE;0.14217959897790305
PCs6;223;0;0;0;0;0;0;0;0;0;0;0;1;0;0;0;6.723888087;278;-1.813489954;173;0.024186647794964027;-0.01048260089017341;0.010887800738359201;0.58144;FALSE;FALSE;FALSE;FALSE;FALSE;FALSE;FALSE;6.723888087;278;-1.813489954;173;0.024186647794964027;-0.01048260089017341;0.010887800738359201;0.58144;FALSE;FALSE;FALSE;FALSE;FALSE;FALSE;FALSE;0.2697085273483672
PCs6;224;0;0;0;0;0;0;0;0;0;0;0;1;0;0;0;5.833448205;260;-1.991926079;191;0.02243633925;-0.01042893235078534;0.008517787419068737;0.96784;FALSE;FALSE;FALSE;FALSE;FALSE;FALSE;FALSE;5.833448205;260;-1.991926079;191;0.02243633925;-0.01042893235078534;0.008517787419068737;0.96784;FALSE;FALSE;FALSE;FALSE;FALSE;FALSE;FALSE;0.34146631786199255
PCs6;225;0;0;0;0;0;0;0;1;0;0;0;0;0;0;0;4.699728832;187;-1.61875539;264;0.025132239743315507;-0.006131649204545455;0.006831426700665189;0.99736;FALSE;FALSE;FALSE;FALSE;FALSE;FALSE;FALSE;4.699728832;187;-1.61875539;264;0.025132239743315507;-0.006131649204545455;0.006831426700665189;0.99736;FALSE;FALSE;FALSE;FALSE;FALSE;FALSE;FALSE;0.3444359127654453
PCs6;228;0;0;0;0;0;0;0;0;0;0;0;1;0;0;0;8.07902372;263;-2.64075645;188;0.030718721368821294;-0.014046576861702128;0.012058242283813747;0.81444;FALSE;FALSE;FALSE;FALSE;FALSE;FALSE;FALSE;8.07902372;263;-2.64075645;188;0.030718721368821294;-0.014046576861702128;0.012058242283813747;0.81444;FALSE;FALSE;FALSE;FALSE;FALSE;FALSE;FALSE;0.32686578744195094
PCs6;229;0;0;0;0;0;0;0;0;1;0;0;0;0;0;0;10.195436783;325;-1.67862172;126;0.031370574716923075;-0.013322394603174604;0.018884290605321506;0.99842;FALSE;FALSE;FALSE;FALSE;FALSE;FALSE;FALSE;10.195436783;325;-1.67862172;126;0.031370574716923075;-0.013322394603174604;0.018884290605321506;0.99842;FALSE;FALSE;FALSE;FALSE;FALSE;FALSE;FALSE;0.16464441452856193
PCs6;230;0;0;0;0;0;0;0;0;0;0;0;1;0;0;0;5.708953382;260;-1.788345777;191;0.021957513007692307;-0.009363066895287958;0.008693143248337028;0.932;FALSE;FALSE;FALSE;FALSE;FALSE;FALSE;FALSE;5.708953382;260;-1.788345777;191;0.021957513007692307;-0.009363066895287958;0.008693143248337028;0.932;FALSE;FALSE;FALSE;FALSE;FALSE;FALSE;FALSE;0.3132528254020344
PCs6;237;0;0;0;0;0;0;0;0;1;0;0;0;0;0;0;10.79008114;296;-2.03047703;155;0.03645297682432432;-0.013099851806451613;0.019422625521064302;0.99842;FALSE;FALSE;FALSE;FALSE;FALSE;FALSE;FALSE;10.79008114;296;-2.03047703;155;0.03645297682432432;-0.013099851806451613;0.019422625521064302;0.99842;FALSE;FALSE;FALSE;FALSE;FALSE;FALSE;FALSE;0.18817995932141807
PCs6;240;0;0;0;0;0;0;0;0;1;0;0;0;0;0;0;8.439276551;279;-1.588121482;172;0.030248303050179216;-0.009233264430232558;0.01519103119512195;0.99789;FALSE;TRUE;FALSE;FALSE;FALSE;FALSE;FALSE;8.439276551;279;-1.588121482;172;0.030248303050179216;-0.009233264430232558;0.01519103119512195;0.99789;FALSE;TRUE;FALSE;FALSE;FALSE;FALSE;FALSE;0.18818218272652976
PCs6;243;0;0;0;0;0;0;0;1;0;0;0;0;0;0;0;7.4110236485;323;-0.658104081;128;0.02294434566099071;-0.0051414381328125;0.014973214118625277;0.9942;FALSE;TRUE;FALSE;FALSE;FALSE;FALSE;FALSE;7.4110236485;323;-0.658104081;128;0.02294434566099071;-0.0051414381328125;0.014973214118625277;0.9942;FALSE;TRUE;FALSE;FALSE;FALSE;FALSE;FALSE;0.0888006990954888
PCs6;248;0;0;0;0;0;0;0;0;0;0;0;1;0;0;0;7.990305135;263;-2.99420457;188;0.030381388346007603;-0.01592662005319149;0.011077828303769402;0.67791;FALSE;TRUE;FALSE;FALSE;FALSE;FALSE;FALSE;7.990305135;263;-2.99420457;188;0.030381388346007603;-0.01592662005319149;0.011077828303769402;0.67791;FALSE;TRUE;FALSE;FALSE;FALSE;FALSE;FALSE;0.37472969047007487
PCs6;252;0;0;0;0;0;0;0;0;0;0;0;1;0;0;0;7.15919729;322;-1.15589699;129;0.022233531956521738;-0.008960441782945737;0.013311087139689579;0.5593;FALSE;FALSE;FALSE;FALSE;FALSE;FALSE;FALSE;7.15919729;322;-1.15589699;129;0.022233531956521738;-0.008960441782945737;0.013311087139689579;0.5593;FALSE;FALSE;FALSE;FALSE;FALSE;FALSE;FALSE;0.16145622800681333
PCs6;256;0;0;0;0;0;0;0;0;0;0;0;1;0;0;0;6.80492490133;279;-1.678740691;172;0.024390411832724012;-0.009760120296511628;0.011366262107161863;0.92989;TRUE;FALSE;FALSE;FALSE;FALSE;FALSE;FALSE;6.80492490133;279;-1.678740691;172;0.024390411832724012;-0.009760120296511628;0.011366262107161863;0.92989;TRUE;FALSE;FALSE;FALSE;FALSE;FALSE;FALSE;0.2466949621548205
PCs6;257;0;0;0;0;0;0;0;1;0;0;0;0;0;0;0;3.839067651;227;-0.8805823266;224;0.016912192295154185;-0.003931171100892857;0.006559834422172949;0.98998;TRUE;FALSE;FALSE;FALSE;FALSE;FALSE;FALSE;3.839067651;227;-0.8805823266;224;0.016912192295154185;-0.003931171100892857;0.006559834422172949;0.98998;TRUE;FALSE;FALSE;FALSE;FALSE;FALSE;FALSE;0.22937400604822006
PCs6;261;0;0;0;0;0;0;0;1;0;0;0;0;0;0;0;4.881350022;213;-1.306854571;238;0.02291713625352113;-0.005490985592436975;0.007925710534368071;0.99684;TRUE;FALSE;FALSE;FALSE;FALSE;FALSE;FALSE;4.881350022;213;-1.306854571;238;0.02291713625352113;-0.005490985592436975;0.007925710534368071;0.99684;TRUE;FALSE;FALSE;FALSE;FALSE;FALSE;FALSE;0.2677240036281094
PCs6;263;0;0;0;0;0;0;0;1;0;0;0;0;0;0;0;5.9008221249;177;-1.9538314111;274;0.033337978106779666;-0.007130771573357664;0.008751642380931264;0.99895;TRUE;TRUE;FALSE;FALSE;FALSE;FALSE;FALSE;5.9008221249;177;-1.9538314111;274;0.033337978106779666;-0.007130771573357664;0.008751642380931264;0.99895;TRUE;TRUE;FALSE;FALSE;FALSE;FALSE;FALSE;0.3311117281192595
PCs6;265;0;0;0;0;0;0;0;1;0;0;0;0;0;0;0;6.788795132;175;-2.0810808956;276;0.03879311504;-0.007540148172463768;0.010438390768070953;0.99947;TRUE;TRUE;FALSE;FALSE;FALSE;FALSE;FALSE;6.788795132;175;-2.0810808956;276;0.03879311504;-0.007540148172463768;0.010438390768070953;0.99947;TRUE;TRUE;FALSE;FALSE;FALSE;FALSE;FALSE;0.30654642762609147
PCs6;280;0;0;0;0;0;0;0;0;0;0;0;1;0;0;0;7.743358243;316;-1.534545893;135;0.024504298237341772;-0.011367006614814814;0.013766767960088692;0.66737;FALSE;FALSE;FALSE;FALSE;FALSE;FALSE;FALSE;7.743358243;316;-1.534545893;135;0.024504298237341772;-0.011367006614814814;0.013766767960088692;0.66737;FALSE;FALSE;FALSE;FALSE;FALSE;FALSE;FALSE;0.1981757584814354
PCs6;307;0;0;0;0;0;0;0;0;1;0;0;0;0;0;0;8.11707818;278;-1.530834819;173;0.029198122949640287;-0.008848756179190752;0.014603643815964523;0.99736;FALSE;TRUE;FALSE;FALSE;FALSE;FALSE;FALSE;8.11707818;278;-1.530834819;173;0.029198122949640287;-0.008848756179190752;0.014603643815964523;0.99736;FALSE;TRUE;FALSE;FALSE;FALSE;FALSE;FALSE;0.1885943174444083
PCs6;312;0;0;0;0;0;0;0;0;0;0;0;1;0;0;0;7.520164832;324;-0.99238664;127;0.023210385283950617;-0.007814068031496063;0.014474009294900222;0.66526;FALSE;TRUE;FALSE;TRUE;FALSE;FALSE;FALSE;7.520164832;324;-0.99238664;127;0.023210385283950617;-0.007814068031496063;0.014474009294900222;0.66526;FALSE;TRUE;FALSE;TRUE;FALSE;FALSE;FALSE;0.1319634159848692
PCs6;319;0;0;0;0;0;0;0;0;0;0;0;1;0;0;0;4.141819601;276;-1.162943694;175;0.015006592757246376;-0.006645392537142857;0.006605046356984479;0.98471;FALSE;FALSE;FALSE;TRUE;FALSE;FALSE;FALSE;4.141819601;276;-1.162943694;175;0.015006592757246376;-0.006645392537142857;0.006605046356984479;0.98471;FALSE;FALSE;FALSE;TRUE;FALSE;FALSE;FALSE;0.28078086590715323
PCs6;326;0;0;0;0;0;0;0;0;0;0;0;1;0;0;0;2.62587228;201;-3.33554994086;250;0.01306404119402985;-0.01334219976344;-0.001573564658226164;0.84186;FALSE;FALSE;FALSE;FALSE;FALSE;FALSE;FALSE;2.62587228;201;-3.33554994086;250;0.01306404119402985;-0.01334219976344;-0.001573564658226164;0.84186;FALSE;FALSE;FALSE;FALSE;FALSE;FALSE;FALSE;1.270263586795623
PCs6;327;0;0;0;0;0;0;0;0;0;0;1;0;0;0;0;4.155533455;234;-1.0983134430000001;217;0.017758689978632478;-0.0050613522718894015;0.006778758341463415;0.99789;FALSE;FALSE;FALSE;FALSE;FALSE;FALSE;FALSE;4.155533455;234;-1.0983134430000001;217;0.017758689978632478;-0.0050613522718894015;0.006778758341463415;0.99789;FALSE;FALSE;FALSE;FALSE;FALSE;FALSE;FALSE;0.26430143202877915
PCs6;329;0;0;0;0;0;0;0;0;1;0;0;0;0;0;0;6.049097833;328;-0.588946278;123;0.018442371442073172;-0.00478818112195122;0.012106766197339245;0.99842;FALSE;FALSE;FALSE;FALSE;FALSE;FALSE;FALSE;6.049097833;328;-0.588946278;123;0.018442371442073172;-0.00478818112195122;0.012106766197339245;0.99842;FALSE;FALSE;FALSE;FALSE;FALSE;FALSE;FALSE;0.09736101056046517
PCs6;335;0;0;0;0;0;0;0;0;1;1;0;0;0;0;0;7.301961863;312;-1.0266261938;139;0.023403723919871795;-0.007385799955395684;0.013914269776496674;0.98735;FALSE;FALSE;FALSE;TRUE;FALSE;FALSE;FALSE;7.301961863;312;-1.0266261938;139;0.023403723919871795;-0.007385799955395684;0.013914269776496674;0.98735;FALSE;FALSE;FALSE;TRUE;FALSE;FALSE;FALSE;0.14059594025025657
PCs6;337;0;0;0;0;0;0;0;0;0;1;0;0;0;0;0;4.281808283;285;-0.72501966;166;0.015023888712280702;-0.004367588313253012;0.007886449274944567;0.99631;FALSE;FALSE;FALSE;FALSE;FALSE;FALSE;FALSE;4.281808283;285;-0.72501966;166;0.015023888712280702;-0.004367588313253012;0.007886449274944567;0.99631;FALSE;FALSE;FALSE;FALSE;FALSE;FALSE;FALSE;0.16932557743851698
PCs6;353;0;0;0;0;0;0;0;0;0;1;0;0;0;0;0;6.29898082;288;-1.21151075;163;0.021871461180555555;-0.007432581288343558;0.011280421441241684;0.99895;FALSE;FALSE;FALSE;FALSE;FALSE;FALSE;FALSE;6.29898082;288;-1.21151075;163;0.021871461180555555;-0.007432581288343558;0.011280421441241684;0.99895;FALSE;FALSE;FALSE;FALSE;FALSE;FALSE;FALSE;0.19233440847340127
PCs6;354;0;0;0;0;0;0;0;0;1;1;0;0;0;0;0;8.050775928;272;-2.19189953;179;0.029598440911764706;-0.012245248770949721;0.012990856758314856;0.99736;FALSE;FALSE;FALSE;FALSE;FALSE;FALSE;FALSE;8.050775928;272;-2.19189953;179;0.029598440911764706;-0.012245248770949721;0.012990856758314856;0.99736;FALSE;FALSE;FALSE;FALSE;FALSE;FALSE;FALSE;0.27225941320472435
PCs6;363;0;0;0;0;0;0;0;1;0;0;0;0;0;0;0;5.487537772;170;-1.706130231;281;0.03227963395294117;-0.006071637832740213;0.008384495656319291;0.99684;TRUE;FALSE;FALSE;FALSE;FALSE;TRUE;FALSE;5.487537772;170;-1.706130231;281;0.03227963395294117;-0.006071637832740213;0.008384495656319291;0.99684;TRUE;FALSE;FALSE;FALSE;FALSE;TRUE;FALSE;0.31090997490814176
PCs6;364;0;0;0;0;0;0;0;1;0;0;0;0;0;0;0;6.418793093;179;-1.880842733;272;0.03585917929050279;-0.006914862988970588;0.010061974190687361;0.99842;FALSE;FALSE;FALSE;FALSE;FALSE;TRUE;FALSE;6.418793093;179;-1.880842733;272;0.03585917929050279;-0.006914862988970588;0.010061974190687361;0.99842;FALSE;FALSE;FALSE;FALSE;FALSE;TRUE;FALSE;0.2930212433628915
PCs6;365;0;0;0;0;0;0;0;1;0;0;0;0;0;0;0;6.650610331;236;-1.2520832725;215;0.02818055225;-0.0058236431279069766;0.011970126515521064;0.99736;FALSE;FALSE;FALSE;FALSE;FALSE;TRUE;FALSE;6.650610331;236;-1.2520832725;215;0.02818055225;-0.0058236431279069766;0.011970126515521064;0.99736;FALSE;FALSE;FALSE;FALSE;FALSE;TRUE;FALSE;0.1882659199959072
PCs6;366;0;0;0;0;0;0;0;1;0;0;0;0;0;0;0;6.681458674;197;-1.597894448;254;0.03391603387817259;-0.0062909230236220465;0.011271761033259423;0.99842;FALSE;FALSE;FALSE;FALSE;FALSE;TRUE;FALSE;6.681458674;197;-1.597894448;254;0.03391603387817259;-0.0062909230236220465;0.011271761033259423;0.99842;FALSE;FALSE;FALSE;FALSE;FALSE;TRUE;FALSE;0.2391535330777382
PCs6;367;0;0;0;0;0;0;0;1;0;0;0;0;0;0;0;6.75352451;200;-1.66896146;251;0.03376762255;-0.006649248844621514;0.011273975720620843;0.99842;FALSE;FALSE;FALSE;FALSE;FALSE;TRUE;FALSE;6.75352451;200;-1.66896146;251;0.03376762255;-0.006649248844621514;0.011273975720620843;0.99842;FALSE;FALSE;FALSE;FALSE;FALSE;TRUE;FALSE;0.24712451365635157
PCs6;374;0;0;0;0;0;0;0;0;0;0;0;1;0;0;0;5.92914731;302;-1.168534018;149;0.019632938112582782;-0.007842510187919462;0.010555683574279379;0.59937;FALSE;FALSE;FALSE;FALSE;FALSE;FALSE;FALSE;5.92914731;302;-1.168534018;149;0.019632938112582782;-0.007842510187919462;0.010555683574279379;0.59937;FALSE;FALSE;FALSE;FALSE;FALSE;FALSE;FALSE;0.19708297954229778
PCs6;385;0;0;0;0;0;0;0;0;0;0;0;1;0;0;0;5.445323207;298;-1.2432275933999999;153;0.018272896667785237;-0.008125670545098038;0.009317285174279379;0.79547;FALSE;FALSE;FALSE;FALSE;FALSE;FALSE;FALSE;5.445323207;298;-1.2432275933999999;153;0.018272896667785237;-0.008125670545098038;0.009317285174279379;0.79547;FALSE;FALSE;FALSE;FALSE;FALSE;FALSE;FALSE;0.22831107468548834
PCs6;392;0;0;0;0;0;0;0;0;0;0;1;0;0;0;0;6.332957421;235;-2.04148738;216;0.02694875498297872;-0.009451330462962962;0.009515454636363637;0.99367;FALSE;FALSE;FALSE;FALSE;FALSE;FALSE;TRUE;6.332957421;235;-2.04148738;216;0.02694875498297872;-0.009451330462962962;0.009515454636363637;0.99367;FALSE;FALSE;FALSE;FALSE;FALSE;FALSE;TRUE;0.3223592461289027
PCs6;395;0;0;0;0;0;0;0;0;0;0;1;0;0;0;0;7.082528794;238;-2.26315557;213;0.029758524344537816;-0.01062514352112676;0.010685971671840355;0.9942;FALSE;FALSE;FALSE;FALSE;FALSE;FALSE;TRUE;7.082528794;238;-2.26315557;213;0.029758524344537816;-0.01062514352112676;0.010685971671840355;0.9942;FALSE;FALSE;FALSE;FALSE;FALSE;FALSE;TRUE;0.31954060983377064
PCs6;398;0;0;0;0;0;0;0;0;0;0;0;1;0;0;0;8.61914252;263;-3.25733838;188;0.03277240501901141;-0.017326267978723404;0.011888700975609756;0.78018;FALSE;FALSE;FALSE;FALSE;FALSE;FALSE;FALSE;8.61914252;263;-3.25733838;188;0.03277240501901141;-0.017326267978723404;0.011888700975609756;0.78018;FALSE;FALSE;FALSE;FALSE;FALSE;FALSE;FALSE;0.37791907633985844
PCs6;399;0;0;0;0;0;0;0;0;0;0;1;0;0;0;0;6.14006703;265;-1.71807432;186;0.023170064264150945;-0.00923695870967742;0.009804861884700665;0.99895;FALSE;FALSE;FALSE;FALSE;FALSE;FALSE;FALSE;6.14006703;265;-1.71807432;186;0.023170064264150945;-0.00923695870967742;0.009804861884700665;0.99895;FALSE;FALSE;FALSE;FALSE;FALSE;FALSE;FALSE;0.2798136097872534
PCs6;403;0;0;0;0;0;0;0;0;0;0;0;1;0;0;0;2.9048436906;191;-4.73014460878;260;0.015208605709947644;-0.018192863879923075;-0.004047230417250554;0.51766;FALSE;FALSE;FALSE;FALSE;FALSE;FALSE;FALSE;2.9048436906;191;-4.73014460878;260;0.015208605709947644;-0.018192863879923075;-0.004047230417250554;0.51766;FALSE;FALSE;FALSE;FALSE;FALSE;FALSE;FALSE;1.628364591212473
PCs6;405;0;0;0;0;0;0;0;0;0;0;1;0;0;0;0;7.383213495;224;-2.665593094;227;0.03296077453125;-0.011742700854625551;0.01046035565631929;0.99473;FALSE;FALSE;FALSE;FALSE;FALSE;FALSE;TRUE;7.383213495;224;-2.665593094;227;0.03296077453125;-0.011742700854625551;0.01046035565631929;0.99473;FALSE;FALSE;FALSE;FALSE;FALSE;FALSE;TRUE;0.36103426994291465
PCs6;413;0;0;0;0;0;0;0;0;0;0;1;0;0;0;0;8.310323977;232;-2.638242786;219;0.03582036196982758;-0.012046770712328767;0.012576676698447893;0.99578;FALSE;FALSE;FALSE;FALSE;FALSE;FALSE;TRUE;8.310323977;232;-2.638242786;219;0.03582036196982758;-0.012046770712328767;0.012576676698447893;0.99578;FALSE;FALSE;FALSE;FALSE;FALSE;FALSE;TRUE;0.3174656960789629
PCs6;414;0;0;0;0;0;0;0;0;0;0;1;0;0;0;0;6.072685433;289;-0.959094341;162;0.0210127523633218;-0.005920335438271605;0.011338339450110865;0.99684;FALSE;FALSE;FALSE;FALSE;FALSE;FALSE;FALSE;6.072685433;289;-0.959094341;162;0.0210127523633218;-0.005920335438271605;0.011338339450110865;0.99684;FALSE;FALSE;FALSE;FALSE;FALSE;FALSE;FALSE;0.1579357850133516
PCs6;416;0;0;0;0;0;0;0;0;0;0;1;0;0;0;0;8.71836500913;251;-2.372765822;200;0.0347345219487251;-0.01186382911;0.014070064716474501;0.99262;FALSE;FALSE;FALSE;FALSE;FALSE;FALSE;TRUE;8.71836500913;251;-2.372765822;200;0.0347345219487251;-0.01186382911;0.014070064716474501;0.99262;FALSE;FALSE;FALSE;FALSE;FALSE;FALSE;TRUE;0.27215720143802247
PCs6;421;1;0;0;0;0;0;0;0;0;0;0;0;0;0;0;6.959082037;275;-1.239773847;176;0.02530575286181818;-0.007044169585227272;0.01268139288248337;0.99578;FALSE;FALSE;FALSE;FALSE;FALSE;FALSE;TRUE;6.959082037;275;-1.239773847;176;0.02530575286181818;-0.007044169585227272;0.01268139288248337;0.99578;FALSE;FALSE;FALSE;FALSE;FALSE;FALSE;TRUE;0.17815192297035426
PCs6;423;0;0;0;0;0;0;0;0;1;0;0;0;0;0;0;5.213947176;308;-0.713662716;143;0.01692839992207792;-0.0049906483636363635;0.0099784577827051;0.98102;FALSE;FALSE;FALSE;FALSE;FALSE;FALSE;FALSE;5.213947176;308;-0.713662716;143;0.01692839992207792;-0.0049906483636363635;0.0099784577827051;0.98102;FALSE;FALSE;FALSE;FALSE;FALSE;FALSE;FALSE;0.13687570892260226
PCs6;426;0;0;0;0;0;0;0;0;0;0;1;0;0;0;0;6.634684112;220;-2.22610424;231;0.030157655054545457;-0.009636814891774892;0.009775121667405766;0.99842;FALSE;FALSE;FALSE;FALSE;FALSE;FALSE;TRUE;6.634684112;220;-2.22610424;231;0.030157655054545457;-0.009636814891774892;0.009775121667405766;0.99842;FALSE;FALSE;FALSE;FALSE;FALSE;FALSE;TRUE;0.33552527933827275
PCs6;427;0;0;0;0;0;0;0;0;0;0;0;1;0;0;0;5.59079929;221;-2.693928999;230;0.0252977343438914;-0.01171273477826087;0.006423215722838138;0.78914;FALSE;FALSE;FALSE;FALSE;FALSE;FALSE;FALSE;5.59079929;221;-2.693928999;230;0.0252977343438914;-0.01171273477826087;0.006423215722838138;0.78914;FALSE;FALSE;FALSE;FALSE;FALSE;FALSE;FALSE;0.48185042232127784
PCs6;429;0;0;0;0;0;0;0;0;0;0;0;1;0;0;0;5.98442368;227;-3.03375784;224;0.026363099911894273;-0.013543561785714284;0.006542496319290466;0.95045;FALSE;FALSE;FALSE;FALSE;FALSE;FALSE;FALSE;5.98442368;227;-3.03375784;224;0.026363099911894273;-0.013543561785714284;0.006542496319290466;0.95045;FALSE;FALSE;FALSE;FALSE;FALSE;FALSE;FALSE;0.5069423560599239
PCs6;435;0;0;0;0;0;0;0;0;0;1;0;0;0;0;0;6.894510358;301;-1.0881281679;150;0.02290535002657807;-0.007254187786000001;0.012874461618847007;0.99684;FALSE;FALSE;FALSE;FALSE;FALSE;FALSE;FALSE;6.894510358;301;-1.0881281679;150;0.02290535002657807;-0.007254187786000001;0.012874461618847007;0.99684;FALSE;FALSE;FALSE;FALSE;FALSE;FALSE;FALSE;0.15782530033295225
PCs6;436;0;0;0;0;0;0;0;0;0;1;0;0;0;0;0;5.12913435;335;-0.420641436;116;0.01531084880597015;-0.003626219275862069;0.01044011732594235;0.94887;FALSE;FALSE;FALSE;FALSE;FALSE;FALSE;FALSE;5.12913435;335;-0.420641436;116;0.01531084880597015;-0.003626219275862069;0.01044011732594235;0.94887;FALSE;FALSE;FALSE;FALSE;FALSE;FALSE;FALSE;0.08201021991166989
PCs6;437;0;0;0;0;0;0;0;0;0;1;0;0;0;0;0;6.4365526907;308;-0.9167814830000001;143;0.02089789834642857;-0.006411059321678322;0.012238960549223946;0.95045;FALSE;FALSE;FALSE;FALSE;FALSE;FALSE;FALSE;6.4365526907;308;-0.9167814830000001;143;0.02089789834642857;-0.006411059321678322;0.012238960549223946;0.95045;FALSE;FALSE;FALSE;FALSE;FALSE;FALSE;FALSE;0.14243361734995702
PCs6;438;0;0;0;0;0;0;0;0;0;1;0;0;0;0;0;8.32422944;311;-1.056110096;140;0.026766011061093248;-0.007543643542857143;0.0161155639556541;0.98893;FALSE;FALSE;FALSE;FALSE;FALSE;FALSE;FALSE;8.32422944;311;-1.056110096;140;0.026766011061093248;-0.007543643542857143;0.0161155639556541;0.98893;FALSE;FALSE;FALSE;FALSE;FALSE;FALSE;FALSE;0.12687181481629128
PCs6;439;0;0;0;0;0;0;0;0;0;1;0;0;0;0;0;5.613765452;317;-0.834565385;134;0.017709039280757097;-0.006228099888059701;0.010596895935698448;0.9631;FALSE;FALSE;FALSE;FALSE;FALSE;FALSE;FALSE;5.613765452;317;-0.834565385;134;0.017709039280757097;-0.006228099888059701;0.010596895935698448;0.9631;FALSE;FALSE;FALSE;FALSE;FALSE;FALSE;FALSE;0.14866409937071237
PCs6;440;0;0;0;0;0;0;0;0;0;1;0;0;0;0;0;6.82485419;288;-1.077164363;163;0.023697410381944443;-0.006608370325153374;0.012744323341463415;0.98102;FALSE;FALSE;FALSE;FALSE;FALSE;FALSE;FALSE;6.82485419;288;-1.077164363;163;0.023697410381944443;-0.006608370325153374;0.012744323341463415;0.98102;FALSE;FALSE;FALSE;FALSE;FALSE;FALSE;FALSE;0.15782965218191716
PCs6;441;0;0;0;0;0;0;0;0;0;1;0;0;0;0;0;4.035856118;266;-1.408572924;185;0.01517239142105263;-0.007613907697297298;0.005825461627494457;0.80074;FALSE;FALSE;FALSE;FALSE;FALSE;FALSE;FALSE;4.035856118;266;-1.408572924;185;0.01517239142105263;-0.007613907697297298;0.005825461627494457;0.80074;FALSE;FALSE;FALSE;FALSE;FALSE;FALSE;FALSE;0.34901465335142556
PCs6;442;0;0;0;0;0;0;0;0;0;1;0;0;0;0;0;6.085021815;334;-0.66408004;117;0.018218628188622753;-0.005675897777777778;0.01201982655210643;0.93991;FALSE;FALSE;FALSE;FALSE;FALSE;FALSE;FALSE;6.085021815;334;-0.66408004;117;0.018218628188622753;-0.005675897777777778;0.01201982655210643;0.93991;FALSE;FALSE;FALSE;FALSE;FALSE;FALSE;FALSE;0.10913355123279865
PCs6;443;0;0;0;0;0;0;0;0;0;1;0;0;0;0;0;5.8755680439999995;263;-1.455513438;188;0.022340562904942966;-0.007742092755319149;0.009800564536585366;0.97786;FALSE;FALSE;FALSE;FALSE;FALSE;FALSE;FALSE;5.8755680439999995;263;-1.455513438;188;0.022340562904942966;-0.007742092755319149;0.009800564536585366;0.97786;FALSE;FALSE;FALSE;FALSE;FALSE;FALSE;FALSE;0.24772301624288706
PCs6;444;0;0;0;0;0;0;0;0;0;1;0;0;0;0;0;8.1871082738;301;-1.300733272;150;0.02719969526179402;-0.008671555146666666;0.015269124172505543;0.98366;FALSE;FALSE;FALSE;FALSE;FALSE;FALSE;FALSE;8.1871082738;301;-1.300733272;150;0.02719969526179402;-0.008671555146666666;0.015269124172505543;0.98366;FALSE;FALSE;FALSE;FALSE;FALSE;FALSE;FALSE;0.15887578721323933
PCs6;445;0;0;0;0;0;0;0;0;0;1;0;0;0;0;0;9.574600193;279;-2.0072425;172;0.03431756341577061;-0.01167001453488372;0.016779063620842572;0.99631;FALSE;FALSE;FALSE;FALSE;FALSE;FALSE;FALSE;9.574600193;279;-2.0072425;172;0.03431756341577061;-0.01167001453488372;0.016779063620842572;0.99631;FALSE;FALSE;FALSE;FALSE;FALSE;FALSE;FALSE;0.20964243514496791
PCs6;446;0;0;0;0;0;0;0;0;0;1;0;0;0;0;0;9.993739209;285;-1.834183435;166;0.035065751610526316;-0.011049297801204819;0.018092141405764966;0.99473;FALSE;FALSE;FALSE;FALSE;FALSE;FALSE;FALSE;9.993739209;285;-1.834183435;166;0.035065751610526316;-0.011049297801204819;0.018092141405764966;0.99473;FALSE;FALSE;FALSE;FALSE;FALSE;FALSE;FALSE;0.18353324983187483
PCs6;447;0;0;0;0;0;0;0;0;0;1;0;0;0;0;0;9.342138068;325;-1.1576179554;126;0.02874504020923077;-0.00918744409047619;0.018147494706430154;0.99157;FALSE;FALSE;FALSE;FALSE;FALSE;FALSE;FALSE;9.342138068;325;-1.1576179554;126;0.02874504020923077;-0.00918744409047619;0.018147494706430154;0.99157;FALSE;FALSE;FALSE;FALSE;FALSE;FALSE;FALSE;0.12391359953940684
PCs6;448;0;0;0;0;0;0;0;0;0;1;0;0;0;0;0;9.72770818;272;-2.229153402;179;0.035763633014705885;-0.012453370960893856;0.016626507268292682;0.99789;FALSE;FALSE;FALSE;FALSE;FALSE;FALSE;FALSE;9.72770818;272;-2.229153402;179;0.035763633014705885;-0.012453370960893856;0.016626507268292682;0.99789;FALSE;FALSE;FALSE;FALSE;FALSE;FALSE;FALSE;0.22915504461606906
PCs6;449;0;0;0;0;0;0;0;0;0;1;0;0;0;0;0;6.238474933;303;-1.28537817;148;0.02058902618151815;-0.008684987635135135;0.010982476192904655;0.90722;FALSE;FALSE;FALSE;FALSE;FALSE;FALSE;FALSE;6.238474933;303;-1.28537817;148;0.02058902618151815;-0.008684987635135135;0.010982476192904655;0.90722;FALSE;FALSE;FALSE;FALSE;FALSE;FALSE;FALSE;0.2060404479948561
PCs6;450;0;0;0;0;0;0;0;0;0;1;0;0;0;0;0;7.87433826;276;-1.714172742;175;0.02853021108695652;-0.009795272811428571;0.013658903587583149;0.99736;FALSE;FALSE;FALSE;FALSE;FALSE;FALSE;FALSE;7.87433826;276;-1.714172742;175;0.02853021108695652;-0.009795272811428571;0.013658903587583149;0.99736;FALSE;FALSE;FALSE;FALSE;FALSE;FALSE;FALSE;0.2176910218230833
PCs6;455;0;0;0;0;0;0;0;0;0;1;0;0;0;0;0;3.95256810265;287;-0.613287933;164;0.013772014294947735;-0.0037395605670731704;0.007404168890576497;0.99789;FALSE;FALSE;FALSE;FALSE;FALSE;FALSE;FALSE;3.95256810265;287;-0.613287933;164;0.013772014294947735;-0.0037395605670731704;0.007404168890576497;0.99789;FALSE;FALSE;FALSE;FALSE;FALSE;FALSE;FALSE;0.15516188894729505
PCs6;457;0;0;0;0;0;0;0;0;0;1;0;0;0;0;0;5.413992611;284;-1.089461413;167;0.01906335426408451;-0.006523721035928144;0.009588760971175166;0.98788;FALSE;FALSE;FALSE;FALSE;FALSE;FALSE;FALSE;5.413992611;284;-1.089461413;167;0.01906335426408451;-0.006523721035928144;0.009588760971175166;0.98788;FALSE;FALSE;FALSE;FALSE;FALSE;FALSE;FALSE;0.20123067969957373
PCs6;458;0;0;0;0;0;0;0;0;0;1;0;0;0;0;0;8.06747118;302;-1.260003604;149;0.026713480728476822;-0.008456400026845638;0.015094163139689578;0.99895;FALSE;FALSE;FALSE;FALSE;FALSE;FALSE;FALSE;8.06747118;302;-1.260003604;149;0.026713480728476822;-0.008456400026845638;0.015094163139689578;0.99895;FALSE;FALSE;FALSE;FALSE;FALSE;FALSE;FALSE;0.1561832172544557
PCs6;459;0;0;0;0;0;0;0;0;0;1;0;0;0;0;0;6.140380472;336;-0.700104607;115;0.018274941880952383;-0.006087866147826087;0.012062695931263858;0.99526;FALSE;FALSE;FALSE;FALSE;FALSE;FALSE;FALSE;6.140380472;336;-0.700104607;115;0.018274941880952383;-0.006087866147826087;0.012062695931263858;0.99526;FALSE;FALSE;FALSE;FALSE;FALSE;FALSE;FALSE;0.11401648646895116
PCs6;472;0;0;0;0;0;0;0;0;0;0;0;1;0;0;0;5.231376687;295;-1.139553721;156;0.017733480294915255;-0.007304831544871795;0.009072778195121952;0.93885;FALSE;FALSE;FALSE;FALSE;FALSE;FALSE;FALSE;5.231376687;295;-1.139553721;156;0.017733480294915255;-0.007304831544871795;0.009072778195121952;0.93885;FALSE;FALSE;FALSE;FALSE;FALSE;FALSE;FALSE;0.2178305614718583
PCs6;481;0;0;0;0;0;0;0;0;0;0;0;1;0;0;0;4.5320130773;265;-1.311782228;186;0.01710193614075472;-0.007052592623655914;0.007140201439689579;0.86716;FALSE;FALSE;FALSE;FALSE;FALSE;FALSE;FALSE;4.5320130773;265;-1.311782228;186;0.01710193614075472;-0.007052592623655914;0.007140201439689579;0.86716;FALSE;FALSE;FALSE;FALSE;FALSE;FALSE;FALSE;0.28944802356605503
PCs6;496;0;0;0;0;0;0;0;0;1;0;0;0;0;0;0;4.888350185;257;-1.569762329;194;0.019020817840466928;-0.008091558396907216;0.0073582879290465635;0.99736;FALSE;FALSE;FALSE;FALSE;FALSE;FALSE;FALSE;4.888350185;257;-1.569762329;194;0.019020817840466928;-0.008091558396907216;0.0073582879290465635;0.99736;FALSE;FALSE;FALSE;FALSE;FALSE;FALSE;FALSE;0.3211231334892592
